Ndex,Pokemon,Type,,Evolutionary Stage,Pace,Attributes,,,,,Physical Attributes,,,,Derived Statistics,,,General Skills,,,,,Aggressive Skills,,Specialist Skills,,,,,Edges,,,,Hindrances,,Environment,,,,,,,,,,Rareness,,,Family Link
,,Primary,Secondary,,,Agility,Smarts,Strength,Spirit,Vigor,Weak,Strong,Small,Large,Charisma,Parry,Toughness,Intimidation,Notice,Stealth,Survival,Swimming,Fighting,Sp. Attack,Climbing,Healing,Taunting,Tracking,Charm,1,2,3,4,1,2,Arctic,Caves,Desert,Fresh Water,Mountains,Sea,Plains,Urban,Volcanic,Woods,,Max Group Sizes,Aggressive,
#001,Bulbasaur,Grass,Poison,1,4,6,4,6,4,6,0,0,1,0,2,4,4,4,4,8,6,4,4,6,0,0,0,4,6,Reach,Cute,,,,,0,0,0,0,0,0,1,0,0,1,30,5,3,Bulbasaur
#002,Ivysaur,Grass,Poison,2,6,6,6,6,6,6,0,0,0,0,0,6,5,6,6,6,6,4,8,6,0,0,0,4,4,Reach,,,,,,0,0,0,0,0,0,1,0,0,1,20,5,3,Bulbasaur
#003,Venusaur,Grass,Poison,3,6,6,6,10,8,10,0,1,0,3,2,7,10,10,8,4,8,4,10,8,0,0,0,4,6,Reach,Majestic,,,,,0,0,0,0,0,0,1,0,0,1,60,2,3,Bulbasaur
#004,Charmander,Fire,,1,4,6,4,6,6,4,0,0,1,0,2,4,3,4,4,4,4,0,4,6,4,0,4,4,6,Cute,,,,,,0,1,0,0,0,0,0,0,1,0,30,5,3,Charmander
#005,Charmeleon,Fire,,2,6,6,6,6,6,6,0,0,0,0,0,5,5,6,6,4,4,0,6,8,4,0,4,4,4,,,,,,,0,1,0,0,0,0,0,0,1,0,20,5,4,Charmander
#006,Charizard,Fire,Flying,3,8,10,6,8,10,8,0,0,0,1,2,7,7,10,10,4,8,0,10,10,4,0,6,4,6,Flight,Majestic,,,Rage,,0,0,0,0,0,0,0,0,1,0,60,2,4,Charmander
#007,Squirtle,Water,,1,4,6,4,6,4,6,0,0,1,0,2,4,4,4,4,6,6,6,4,6,4,0,0,4,6,Aquatic,Cute,,,,,0,0,0,1,0,0,0,0,0,0,30,5,3,Squirtle
#008,Wartortle,Water,,2,6,8,6,6,6,8,0,0,0,0,0,5,8,6,6,6,6,8,6,8,4,0,0,4,4,Aquatic,Hard,,,,,0,0,0,1,0,0,0,0,0,0,20,5,4,Squirtle
#009,Blastoise,Water,,3,6,8,6,10,8,10,0,1,0,2,2,7,11,10,6,4,6,10,10,8,4,0,0,4,6,Aquatic,Hard,Majestic,,,,0,0,0,1,0,0,0,0,0,0,60,2,4,Squirtle
#010,Caterpie,Bug,,1,4,6,4,4,4,4,2,0,2,0,2,4,2,0,4,8,6,4,4,4,10,0,0,0,4,Cute,,,,,,0,0,0,0,0,0,0,0,0,1,5,10,2,Caterpie
#011,Metapod,Bug,,2,0,4,4,4,4,8,2,0,1,0,-2,2,5,4,6,10,0,0,0,0,0,0,0,0,0,,,,,Ugly,,0,0,0,0,0,0,0,0,0,1,8,15,1,Caterpie
#012,Butterfree,Bug,Flying,3,8,8,6,4,8,6,0,0,1,0,2,5,4,4,6,6,8,0,6,8,6,0,0,4,6,Cute,Flight,,,,,0,0,0,0,0,0,0,0,0,1,10,5,3,Caterpie
#013,Weedle,Bug,Poison,1,4,8,4,4,4,6,2,0,2,0,0,4,3,4,4,8,6,4,4,4,10,0,0,0,0,,,,,,,0,0,0,0,0,0,0,0,0,1,5,10,2,Weedle
#014,Kakuna,Bug,Poison,2,0,4,4,4,4,8,2,0,1,0,0,2,5,6,6,10,0,0,0,0,0,0,0,0,0,,,,,,,0,0,0,0,0,0,0,0,0,1,8,15,1,Weedle
#015,Beedrill,Bug,Poison,3,8,8,6,6,6,6,0,0,1,0,0,6,4,8,8,6,6,0,8,6,0,0,0,0,0,Speedy flight,,,,Rage,,0,0,0,0,0,0,0,0,0,1,10,5,4,Weedle
#016,Pidgey,Normal,Flying,1,6,8,4,4,4,4,1,0,2,0,0,4,2,4,6,6,6,0,4,6,0,0,0,0,0,Flight,,,,Rage,,0,0,0,0,0,0,1,1,0,1,5,10,3,Pidgey
#017,Pidgeotto,Normal,Flying,2,8,8,6,6,6,6,0,0,1,0,0,5,4,6,6,6,6,0,6,6,0,0,0,4,0,Speedy flight,,,,,,0,0,0,0,0,0,1,1,0,1,10,5,4,Pidgey
#018,Pidgeot,Normal,Flying,3,12,12,6,8,8,8,0,0,0,0,2,6,6,10,8,6,6,0,8,8,0,0,0,4,4,Speedy flight,Majestic,,,,,0,0,0,0,0,0,1,1,0,1,20,2,4,Pidgey
#019,Rattata,Normal,,1,4,6,4,6,4,4,1,0,2,0,0,5,2,4,6,6,6,6,6,4,6,0,4,6,0,,,,,,,0,0,0,0,0,0,1,1,0,1,5,10,3,Rattata
#020,Raticate,Normal,,2,8,8,8,6,6,8,0,0,0,0,-2,6,6,8,8,6,8,6,8,6,6,0,4,8,0,,,,,Ugly,,0,0,0,0,0,0,1,1,0,1,10,5,4,Rattata
#021,Spearow,Normal,Flying,1,6,8,4,4,4,4,1,0,2,0,0,4,2,4,4,6,6,0,4,6,0,0,0,4,0,Flight,,,,,,0,0,0,0,0,0,1,1,0,1,8,10,4,Spearow
#022,Fearow,Normal,Flying,2,8,8,6,8,6,8,0,0,0,0,0,6,6,8,8,6,6,0,8,8,0,0,0,4,0,Flight,,,,,,0,0,0,0,0,0,1,1,0,1,20,5,4,Spearow
#023,Ekans,Poison,,1,6,6,4,6,4,6,0,0,0,0,0,5,5,8,6,8,6,6,6,6,6,0,0,4,0,,,,,,,0,0,0,0,0,0,1,0,0,1,15,5,3,Ekins
#024,Arbok,Poison,,2,6,8,6,8,8,10,0,0,0,1,0,6,8,10,6,6,6,6,8,8,8,0,0,4,0,,,,,,,0,0,0,0,0,0,1,0,0,1,30,2,4,Ekins
#025,Pikachu,Electric,,2,6,8,6,6,8,6,0,0,1,0,2,5,4,4,6,6,6,6,6,8,6,0,6,4,6,Cute,,,,,,0,0,0,0,0,0,1,1,0,1,15,10,3,Pichu
#026,Raichu,Electric,,3,8,10,6,8,10,8,0,0,0,0,2,6,6,6,6,6,6,6,8,10,6,0,0,4,6,Cute,,,,,,0,0,0,0,0,0,1,1,0,1,40,5,3,Pichu
#027,Sandshrew,Ground,,1,6,6,4,6,6,6,0,0,1,0,2,4,4,4,6,8,6,4,4,6,4,0,0,4,6,Cute,Burrowing,,,,,0,0,1,0,0,0,1,0,0,0,15,5,3,Sandshrew
#028,Sandslash,Ground,,2,6,8,6,8,8,8,0,0,0,0,0,6,6,8,6,8,6,4,8,8,4,0,0,6,0,Double Attack,Burrowing,,,,,0,0,1,0,0,0,1,0,0,0,30,10,3,Sandshrew
#029,Nidoran♀,Poison,,1,4,4,4,4,6,6,1,0,1,0,2,4,4,0,6,6,6,4,4,6,4,0,0,4,4,Cute,,,,,,0,0,0,0,1,0,1,0,0,1,10,10,3,Nidoran♀
#030,Nidorina,Poison,,2,6,6,6,6,6,8,0,0,0,0,0,5,6,4,6,6,6,4,6,8,4,0,0,4,0,,,,,,,0,0,0,0,1,0,1,0,0,1,20,5,3,Nidoran♀
#031,Nidoqueen,Poison,Ground,3,6,6,6,8,8,10,0,1,0,0,0,6,9,8,6,6,6,4,8,10,4,0,0,4,0,Hard,,,,,,0,0,0,0,1,0,1,0,0,1,50,2,4,Nidoran♀
#032,Nidoran♂,Poison,,1,4,4,4,4,6,6,0,0,1,0,0,4,4,0,6,6,6,4,4,6,4,0,0,4,0,,,,,,,0,0,0,0,1,0,1,0,0,1,10,10,3,Nidoran♀
#033,Nidorino,Poison,,2,6,6,6,6,6,8,0,0,0,0,0,5,6,4,6,6,6,4,6,8,4,0,0,4,0,,,,,,,0,0,0,0,1,0,1,0,0,1,20,5,3,Nidoran♀
#034,Nidoking,Poison,Ground,3,6,6,6,8,8,10,0,1,0,0,0,6,9,8,6,6,6,4,8,10,4,0,0,4,0,Hard,,,,,,0,0,0,0,1,0,1,0,0,1,50,2,4,Nidoran♀
#035,Clefairy,Fairy,,2,6,8,6,6,8,8,0,0,1,0,2,5,5,0,6,8,6,4,6,8,4,0,4,0,6,Cute,,,,,,1,1,0,0,1,0,0,0,0,0,20,10,2,Cleffa
#036,Clefable,Fairy,,3,6,10,6,8,10,10,0,0,0,0,2,6,7,0,8,8,6,6,8,8,4,6,6,0,8,Cute,,,,,,1,1,0,0,1,0,0,0,0,0,40,5,2,Cleffa
#037,Vulpix,Fire,,1,6,6,6,6,8,4,0,0,1,0,2,5,3,4,8,6,6,4,6,8,4,0,4,4,6,Cute,,,,,,0,0,0,0,1,0,0,0,1,0,20,5,3,Vulpix
#038,Ninetales,Fire,,2,8,8,10,8,10,6,0,0,0,0,2,7,5,8,8,8,6,4,10,10,4,0,6,6,8,Majestic,,,,,,0,0,0,0,1,0,0,0,1,0,40,2,3,Vulpix
#039,Jigglypuff,Normal,Fairy,2,6,6,6,4,8,6,0,0,1,0,2,5,4,0,6,6,6,4,6,8,4,0,0,0,6,Cute,,,,,,0,1,0,0,1,0,1,0,0,0,15,10,4,Igglybuff
#040,Wigglytuff,Normal,Fairy,3,6,8,6,8,8,8,0,0,0,0,0,6,6,4,8,6,6,4,8,10,4,0,0,0,6,,,,,,,0,1,0,0,1,0,1,0,0,0,30,4,3,Igglybuff
#041,Zubat,Poison,Flying,1,8,8,4,4,4,4,1,0,1,0,0,4,3,4,8,8,6,0,4,4,0,0,0,6,0,Flight,,,,,,0,1,0,0,0,0,0,0,0,1,5,10,3,Zubat
#042,Golbat,Poison,Flying,2,8,8,6,8,6,6,0,0,1,0,0,6,4,6,8,8,6,0,8,8,0,0,0,6,0,Flight,,,,,,0,1,0,0,0,0,0,0,0,1,10,4,4,Zubat
#043,Oddish,Grass,Poison,1,4,4,4,4,4,4,1,0,1,0,2,4,3,0,6,8,6,4,4,4,4,0,0,0,4,Cute,,,,,,0,0,0,0,0,0,1,0,0,1,5,10,2,Oddish
#044,Gloom,Grass,Poison,2,6,6,6,6,6,6,0,0,0,0,0,5,5,4,6,6,6,4,6,6,4,0,0,0,4,,,,,,,0,0,0,0,0,0,1,0,0,1,10,5,3,Oddish
#045,Vileplume,Grass,Poison,3,6,6,6,8,8,8,0,0,0,0,0,5,6,8,6,6,6,4,6,10,4,0,0,0,4,,,,,,,0,0,0,0,0,0,1,0,0,1,40,2,3,Oddish
#046,Paras,Bug,Grass,1,4,4,4,4,4,4,0,0,2,0,0,4,2,4,4,4,6,4,4,4,10,0,0,4,0,,,,,,,0,1,0,0,0,0,0,0,0,1,10,5,3,Paras
#047,Parasect,Bug,Grass,2,6,6,4,8,6,6,0,0,1,0,-2,5,4,6,4,4,6,4,6,6,10,0,0,4,0,,,,,Ugly,,0,1,0,0,0,0,0,0,0,1,20,4,3,Paras
#048,Venonat,Bug,Poison,1,6,6,4,4,6,4,0,0,1,0,2,4,3,4,6,4,6,4,4,6,4,0,0,4,0,Cute,,,,,,0,1,0,0,0,0,0,0,0,1,15,6,3,Venonat
#049,Venomoth,Bug,Poison,2,8,8,6,6,8,6,0,0,0,0,-2,5,5,8,6,4,6,0,6,8,0,0,0,4,0,Flight,,,,Ugly,,0,1,0,0,0,0,0,0,0,1,20,4,3,Venonat
#050,Diglett,Ground,,1,6,6,6,6,6,6,0,0,2,0,2,4,3,0,6,8,6,0,4,4,0,0,0,4,4,Cute,Burrowing,,,,,0,1,0,0,0,0,0,0,0,0,15,10,2,Diglett
#051,Dugtrio,Ground,,2,8,8,6,8,6,8,0,0,0,0,0,6,6,6,6,10,6,0,8,8,0,0,0,4,4,Burrowing,,,,,,0,1,0,0,0,0,0,0,0,0,30,4,4,Diglett
#052,Meowth,Normal,,1,6,6,6,6,6,6,0,0,1,0,2,5,4,4,6,8,6,4,6,4,8,0,6,4,6,Cute,,,,,,0,0,0,0,0,0,1,1,0,1,15,8,3,Meowth
#053,Persian,Normal,,2,8,8,8,8,8,8,0,0,0,0,2,6,6,6,6,8,6,4,8,8,8,0,8,6,6,Majestic,,,,,,0,0,0,0,0,0,1,1,0,1,30,4,4,Meowth
#054,Psyduck,Water,,1,4,4,4,4,8,6,0,0,1,0,0,4,4,0,4,0,4,4,4,6,0,0,4,0,0,Aquatic,,,,,,0,0,0,1,0,0,1,0,0,0,15,6,2,Psyduck
#055,Golduck,Water,,2,6,8,8,8,10,8,0,0,0,0,0,6,6,8,8,8,6,10,8,10,4,0,6,0,0,Aquatic,,,,,,0,0,0,1,0,0,1,0,0,0,30,4,4,Psyduck
#056,Mankey,Fighting,,1,6,8,4,6,6,6,0,0,1,0,0,6,4,4,6,8,6,6,8,6,8,0,6,4,0,,,,,Rage,,0,0,0,0,1,0,0,0,0,1,15,6,4,Mankey
#057,Primeape,Fighting,,2,6,8,6,8,8,8,0,0,0,0,-2,7,6,8,6,8,6,6,10,6,8,0,6,6,0,,,,,Ugly,Rage,0,0,0,0,1,0,0,0,0,1,30,2,5,Mankey
#058,Growlithe,Fire,,1,6,6,6,6,8,6,0,0,1,0,2,5,4,4,8,6,6,4,6,8,4,0,0,8,6,Cute,,,,,,0,0,0,0,0,0,1,0,1,0,15,4,3,Growlithe
#059,Arcanine,Fire,,2,10,10,8,10,10,8,0,0,0,1,2,6,7,8,6,6,6,4,8,10,4,0,0,10,8,Majestic,,,,,,0,0,0,0,0,0,1,0,1,0,40,2,4,Growlithe
#060,Poliwag,Water,,1,4,4,4,4,4,4,0,0,1,0,2,4,3,0,6,6,6,8,4,4,0,0,0,0,0,Cute,Aquatic,,,,,0,0,0,1,0,0,0,0,0,0,10,5,2,Poliwag
#061,Poliwhirl,Water,,2,6,6,6,8,6,6,0,0,0,0,0,6,5,4,6,6,6,8,8,6,4,0,0,0,0,Aquatic,,,,,,0,0,0,1,0,0,0,0,0,0,20,3,3,Poliwag
#062,Poliwrath,Water,Fighting,3,6,8,6,10,8,8,0,0,0,0,0,7,6,8,6,6,6,8,10,8,6,0,0,0,0,Aquatic,,,,Rage,,0,0,0,1,0,0,0,0,0,0,30,2,4,Poliwag
#063,Abra,Psychic,,1,4,6,6,6,6,4,0,0,1,0,2,5,3,0,10,8,6,6,6,8,6,0,4,4,4,Cute,Teleportation,,,,,0,1,0,0,0,0,1,1,0,1,15,8,2,Abra
#064,Kadabra,Psychic,,2,6,6,8,8,8,8,0,0,0,0,0,6,6,6,10,6,6,6,8,10,6,0,6,4,6,Teleportation,,,,,,0,1,0,0,0,0,1,1,0,1,30,5,3,Abra
#065,Alakazam,Psychic,,3,6,8,12,8,10,8,0,0,0,0,2,6,6,8,12,6,6,6,8,12,6,0,8,4,6,Majestic,Teleportation,,,,,0,1,0,0,0,0,1,1,0,1,60,2,4,Abra
#066,Machop,Fighting,,1,6,6,4,8,6,6,0,1,1,0,0,6,4,6,6,6,6,6,8,4,6,0,6,4,0,,,,,,,0,0,0,0,1,0,1,0,0,0,15,10,4,Machop
#067,Machoke,Fighting,,2,6,8,6,10,8,8,0,2,0,0,0,7,6,8,8,8,6,6,10,6,6,0,8,4,0,,,,,,,0,0,0,0,1,0,1,0,0,0,40,5,4,Machop
#068,Machamp,Fighting,,3,6,10,6,12,8,10,0,2,0,0,2,8,7,10,8,8,6,8,12,8,8,0,10,4,0,Majestic,Double Attack,,,,,0,0,0,0,1,0,1,0,0,0,60,2,4,Machop
#069,Bellsprout,Grass,Poison,1,4,4,4,4,4,6,1,0,1,0,2,4,4,0,4,6,6,0,4,6,4,0,4,0,0,Cute,Reach,,,,,0,0,0,0,0,0,0,0,0,1,15,10,2,Bellsprout
#070,Weepinbell,Grass,Poison,2,4,6,4,6,6,8,0,0,0,0,-2,4,6,4,6,4,6,0,4,8,0,0,0,0,0,Reach,,,,Ugly,,0,0,0,0,0,0,0,0,0,1,30,5,3,Bellsprout
#071,Victreebel,Grass,Poison,3,4,8,6,8,8,10,0,0,0,0,-2,6,7,8,6,4,6,0,8,10,0,0,0,0,0,,,,,Ugly,,0,0,0,0,0,0,0,0,0,1,50,2,4,Bellsprout
#072,Tentacool,Water,Poison,1,4,4,4,6,4,6,1,0,0,0,-2,4,5,4,4,0,6,8,4,6,0,0,0,0,0,Aquatic,,,,Ugly,Always Aquatic,0,0,0,0,0,1,0,0,0,0,5,20,3,Tentacool
#073,Tentacruel,Water,Poison,2,6,8,8,8,8,8,0,1,0,1,0,6,7,8,6,0,6,10,8,8,0,0,0,0,0,Reach,Aquatic,,,Rage,,0,0,0,0,0,1,0,0,0,0,25,2,4,Tentacool
#074,Geodude,Rock,Ground,1,4,4,4,6,4,8,0,0,1,0,0,5,9,4,4,6,6,0,6,6,6,0,0,0,0,Rock Hard,Flight,,,,,0,0,1,0,1,0,0,0,0,0,15,8,3,Geodude
#075,Graveler,Rock,Ground,2,6,6,6,8,6,10,0,1,0,0,-2,6,11,6,6,6,6,0,8,6,6,0,0,0,0,Rock Hard,,,,Ugly,,0,0,1,0,1,0,0,0,0,0,25,4,3,Geodude
#076,Golem,Rock,Ground,3,6,6,6,10,6,12,0,1,0,0,0,7,12,8,6,4,6,0,10,8,6,0,0,0,0,Rock Hard,,,,,,0,0,1,0,1,0,0,0,0,0,50,2,3,Geodude
#077,Ponyta,Fire,,1,8,8,6,6,6,6,0,0,1,0,2,5,4,4,6,4,6,0,6,8,0,0,0,0,6,Cute,,,,,,0,0,0,0,0,0,1,1,0,0,15,5,2,Ponyta
#078,Rapidash,Fire,,2,10,10,6,10,8,8,0,0,0,1,2,7,7,8,6,4,6,0,10,10,0,0,0,0,8,Majestic,,,,,,0,0,0,0,0,0,1,1,0,0,40,5,3,Ponyta
#079,Slowpoke,Water,Psychic,1,4,4,4,6,6,6,0,0,1,0,0,4,4,0,4,4,6,6,4,6,4,0,0,0,0,,,,,,,0,1,0,1,0,0,0,0,0,0,10,5,2,Slowpoke
#080,Slowbro,Water,Psychic,2,4,4,6,6,8,8,0,0,0,0,0,6,8,4,4,4,6,6,8,8,4,0,0,0,0,Hard,,,,,,0,1,0,1,0,0,0,0,0,0,30,3,2,Slowpoke
#081,Magnemite,Electric,Steel,1,6,6,6,6,6,6,0,0,2,0,2,4,5,4,6,6,6,0,4,8,0,0,0,0,0,Cute,Hard,Flight,,,,0,0,0,0,1,0,0,0,0,0,50,10,3,Magnemite
#082,Magneton,Electric,Steel,2,6,6,6,8,8,8,0,1,0,0,0,6,10,8,6,4,6,0,8,10,0,0,0,0,0,Flight,Rock Hard,,,,,0,0,0,0,1,0,0,0,0,0,60,5,3,Magnemite
#083,Farfetch'd,Normal,Flying,2,8,8,6,6,6,6,0,0,1,0,0,7,4,6,6,6,6,6,10,6,0,0,6,4,0,Armed,Flight,,,,,0,0,0,0,1,0,1,1,0,1,25,5,3,Farfetch'd
#084,Doduo,Normal,Flying,1,10,8,8,6,6,6,0,0,0,0,2,5,5,4,8,6,6,4,6,6,4,0,0,4,4,Cute,Double Attack,,,,,0,0,1,0,0,0,1,0,0,0,20,10,3,Doduo
#085,Dodrio,Normal,Flying,2,12,10,10,8,8,10,0,0,0,1,0,6,8,8,10,6,6,4,8,8,4,0,0,4,4,Double Attack,,,,Rage,,0,0,1,0,0,0,1,0,0,0,40,6,4,Doduo
#086,Seel,Water,,1,4,4,4,6,6,6,0,0,1,0,2,5,4,4,6,4,6,6,6,8,0,0,0,8,6,Cute,Aquatic,,,,,1,0,0,0,0,1,0,0,0,0,20,8,2,Seel
#087,Dewgong,Water,Ice,2,6,8,6,10,8,10,0,0,0,1,2,6,10,8,6,4,6,10,8,10,0,0,0,8,6,Majestic,Hard,Aquatic,,,,1,0,0,0,0,1,0,0,0,0,40,4,3,Seel
#088,Grimer,Poison,,1,4,4,4,6,6,8,0,0,1,0,-2,4,5,4,6,8,6,0,4,6,6,0,0,0,0,,,,,Ugly,,0,0,0,0,0,0,0,1,0,0,50,8,3,Grimer
#089,Muk,Poison,,2,4,4,4,8,8,10,0,0,0,0,-2,6,7,6,6,8,6,0,8,10,8,0,0,0,0,,,,,Ugly,,0,0,0,0,0,0,0,1,0,0,60,3,4,Grimer
#090,Shellder,Water,,1,4,6,4,6,6,6,0,0,2,0,2,4,7,4,6,0,6,8,4,6,0,0,0,0,4,Cute,Aquatic,Rock Hard,,Always Aquatic,,1,0,0,1,0,1,0,0,0,0,20,8,2,Shellder
#091,Cloyster,Water,Ice,2,4,6,8,10,8,10,0,0,0,1,2,6,12,8,6,0,6,8,8,10,0,0,0,0,4,Majestic,Aquatic,Rock Hard,,,,1,0,0,1,0,1,0,0,0,0,30,3,3,Shellder
#092,Gastly,Ghost,Poison,1,6,6,6,4,8,4,0,0,0,0,0,4,4,8,8,10,6,0,4,8,0,0,6,4,0,Flight,,,,,,0,0,0,0,1,0,0,1,0,0,50,4,4,Gastly
#093,Haunter,Ghost,Poison,2,6,8,8,6,10,6,0,0,0,0,0,4,5,10,8,10,6,0,4,10,0,0,8,4,0,Flight,,,,,,0,0,0,0,1,0,0,1,0,0,60,3,4,Gastly
#094,Gengar,Ghost,Poison,3,6,8,10,8,12,8,0,0,0,0,0,5,6,12,8,10,6,0,6,12,0,0,10,4,0,Flight,,,,,,0,0,0,0,1,0,0,1,0,0,80,2,4,Gastly
#095,Onix,Rock,Ground,2,6,6,6,12,8,12,0,2,0,4,2,6,16,10,6,4,6,0,8,6,0,0,0,6,0,Rock Hard,Burrowing,Majestic,,,,0,0,1,0,1,0,0,0,0,0,50,2,4,Onix
#096,Drowzee,Psychic,,1,6,6,8,6,6,6,0,0,0,0,0,5,5,4,6,6,6,4,6,8,4,0,6,0,0,,,,,,,0,0,0,0,1,0,0,1,0,0,30,5,3,Drowzee
#097,Hypno,Psychic,,2,6,8,10,8,8,8,0,0,0,0,0,6,6,6,8,8,6,4,8,10,4,0,6,0,8,,,,,,,0,0,0,0,1,0,0,1,0,0,50,4,3,Drowzee
#098,Krabby,Water,,1,6,6,4,6,6,6,0,0,2,0,0,5,5,4,6,6,6,6,6,6,4,0,0,4,0,Hard,,,,,,0,0,0,1,0,1,0,0,0,0,15,5,3,Krabby
#099,Kingler,Water,,2,6,8,4,10,8,8,0,1,0,0,0,6,8,8,6,4,6,8,8,10,4,0,0,4,0,Hard,,,,Rage,,0,0,0,1,0,1,0,0,0,0,30,4,3,Krabby
#100,Voltorb,Electric,,1,6,6,4,6,8,6,0,0,1,0,0,5,4,6,4,6,6,0,6,8,0,0,0,0,0,,,,,Rage,,0,0,0,0,1,0,0,1,0,0,50,5,4,Voltorb
#101,Electrode,Electric,,2,6,8,4,8,10,8,0,0,0,0,0,6,8,8,6,4,6,0,8,10,0,0,0,0,0,Hard,,,,Rage,,0,0,0,0,1,0,0,1,0,0,60,4,4,Voltorb
#102,Exeggcute,Grass,Psychic,1,4,6,4,4,6,4,0,0,0,0,0,4,4,4,6,4,6,0,4,6,0,0,0,0,0,Flight,,,,,,0,0,0,0,0,0,1,0,0,1,20,6,2,Exeggcute
#103,Exeggutor,Grass,Psychic,2,6,8,8,8,8,10,0,0,0,0,0,6,7,8,6,4,6,4,8,10,0,0,0,0,0,,,,,,,0,0,0,0,0,0,1,0,0,1,35,3,3,Exeggcute
#104,Cubone,Ground,,1,6,6,6,6,8,6,0,0,1,0,2,6,6,4,6,6,6,4,8,6,6,0,4,4,6,Cute,Hard,Armed,Reach,,,0,0,1,0,1,0,0,1,0,0,30,2,2,Cubone
#105,Marowak,Ground,,2,6,8,6,8,10,8,0,0,0,0,0,7,8,8,8,8,6,4,10,8,6,0,6,6,6,Hard,Armed,Reach,,,,0,0,1,0,1,0,0,1,0,0,15,2,3,Cubone
#106,Hitmonlee,Fighting,,2,8,10,6,8,8,10,0,1,0,0,0,7,7,8,6,6,6,6,10,8,6,0,6,4,6,Reach,,,,,,0,0,0,0,1,0,0,1,0,0,20,2,4,Tyrogue
#107,Hitmonchan,Fighting,,2,6,8,6,10,8,10,0,1,0,0,0,7,7,8,6,6,6,6,10,8,6,0,6,4,6,Double Attack,,,,,,0,0,0,0,1,0,0,1,0,0,20,2,4,Tyrogue
#108,Lickitung,Normal,,2,6,6,6,6,6,8,0,0,0,0,0,5,6,4,6,4,6,4,6,8,4,0,4,6,0,Reach,,,,,,0,0,0,0,0,0,1,0,0,0,40,4,2,Likitung
#109,Koffing,Poison,,1,6,6,4,4,6,6,0,0,1,0,0,4,4,4,6,6,6,0,4,6,0,0,4,0,0,Flight,,,,,,0,1,0,0,0,0,0,1,0,0,40,5,3,Koffing
#110,Weezing,Poison,,2,6,8,6,8,10,10,0,0,0,0,0,5,7,8,6,6,6,0,6,8,0,0,4,0,0,Flight,,,,,,0,1,0,0,0,0,0,1,0,0,50,4,4,Koffing
#111,Rhyhorn,Ground,Rock,1,8,6,6,10,6,8,0,1,0,1,0,5,11,8,6,0,6,0,6,6,4,0,4,4,4,Rock Hard,,,,Rage,,0,0,1,0,1,0,1,0,0,0,30,4,4,Ryhorn
#112,Rhydon,Ground,Rock,2,6,8,8,10,8,10,0,1,0,1,0,6,12,10,6,0,6,6,8,8,6,0,4,4,4,Rock Hard,,,,,,0,0,1,0,1,0,1,0,0,0,50,2,4,Ryhorn
#113,Chansey,Normal,,2,6,6,8,8,8,8,0,0,0,0,2,5,6,4,6,6,6,4,6,8,4,8,6,0,8,Cute,,,,,,0,0,0,0,0,0,0,1,0,0,45,4,2,Chansey
#114,Tangela,Grass,,1,6,6,6,6,6,6,0,0,0,0,2,5,5,6,6,6,6,4,6,6,4,0,6,0,0,Cute,Reach,,,,,0,0,0,0,0,0,1,0,0,1,30,4,3,Tangela
#115,Kangaskhan,Normal,,2,6,8,8,8,8,10,0,0,0,1,2,6,8,8,6,6,6,6,8,6,4,0,4,6,6,Majestic,,,,Rage,,0,0,0,0,0,0,1,0,0,0,60,5,3,Kangaskhan
#116,Horsea,Water,,1,6,8,4,4,6,4,1,0,2,0,2,4,2,0,6,6,6,8,4,6,0,0,0,4,4,Cute,,,,Always Aquatic,,0,0,0,1,0,1,0,0,0,0,20,8,2,Horsea
#117,Seadra,Water,,2,8,10,6,8,8,8,0,0,0,0,0,6,6,6,6,6,6,10,8,8,0,0,0,4,4,,,,,Always Aquatic,Rage,0,0,0,1,0,1,0,0,0,0,40,6,3,Horsea
#118,Goldeen,Water,,1,6,6,4,6,6,6,0,0,2,0,0,4,3,0,6,6,6,8,4,6,0,0,0,4,4,,,,,Always Aquatic,,0,0,0,1,0,1,0,0,0,0,40,8,2,Goldeen
#119,Seaking,Water,,2,6,8,4,8,8,10,0,0,0,0,0,6,7,6,6,6,6,10,8,8,0,0,0,4,4,,,,,Always Aquatic,,0,0,0,1,0,1,0,0,0,0,50,6,3,Goldeen
#120,Staryu,Water,,1,6,8,4,6,8,6,0,0,1,0,0,5,6,4,6,4,6,6,6,8,0,0,0,4,4,Flight,Hard,,,,,0,0,0,1,0,1,0,0,0,0,30,8,2,Staryu
#121,Starmie,Water,Psychic,2,6,10,8,8,10,8,0,0,0,0,2,6,8,8,6,4,6,10,8,10,0,0,0,4,4,Flight,Majestic,Hard,,,,0,0,0,1,0,1,0,0,0,0,60,6,3,Staryu
#122,Mr. Mime,Psychic,Fairy,2,6,6,6,6,6,6,0,0,0,0,0,5,5,4,6,6,6,6,6,6,6,6,6,0,6,,,,,,,0,0,0,0,0,0,0,1,0,0,20,4,2,Mr.Mime
#123,Scyther,Bug,Flying,2,8,8,6,8,8,8,0,0,0,0,2,6,6,10,8,6,6,0,8,8,0,0,6,6,0,Majestic,Double Attack,Speedy flight,,Rage,,0,0,0,0,0,0,1,0,0,1,30,5,4,Scyther
#124,Jynx,Ice,Psychic,2,6,6,6,6,8,6,0,0,0,0,0,5,5,6,6,6,6,6,6,8,4,4,4,0,6,,,,,,,0,0,0,0,0,0,0,1,0,0,40,4,2,Smoochum
#125,Electabuzz,Electric,,2,6,8,6,8,8,6,0,0,0,0,0,6,5,8,6,6,6,6,8,8,6,0,6,4,4,,,,,Rage,,0,0,0,0,1,0,1,1,0,0,40,4,3,Elekid
#126,Magmar,Fire,,2,6,6,6,8,8,8,0,0,0,0,0,5,6,8,6,0,6,0,6,10,4,0,6,4,4,,,,,,,0,0,0,0,0,0,0,0,1,0,40,4,3,Magby
#127,Pinsir,Bug,,2,6,8,6,8,6,6,0,0,0,0,-2,6,5,8,6,6,6,4,8,6,4,0,6,4,0,,,,,Ugly,Rage,0,0,0,0,0,0,0,0,0,1,40,4,3,Pinsir
#128,Tauros,Normal,,2,6,8,4,10,6,8,0,0,0,1,0,5,7,8,4,0,6,4,6,6,0,0,0,4,4,,,,,Rage,,0,0,0,0,0,0,1,0,0,0,30,5,4,Tauros
#129,Magikarp,Water,,1,4,4,4,4,6,4,2,0,1,0,-2,2,3,0,4,0,4,4,0,4,0,0,0,0,0,Aquatic,,,,Ugly,Always Aquatic,0,0,0,1,0,1,0,0,0,0,5,10,2,Magikarp
#130,Gyarados,Water,Flying,2,8,8,6,12,10,10,0,2,0,3,2,6,10,12,6,0,8,10,8,8,0,0,0,6,0,Majestic,Flight,Aquatic,,Rage,,0,0,0,1,0,1,0,0,0,0,70,2,5,Gyarados
#131,Lapras,Water,Ice,2,6,6,8,10,10,10,0,0,0,2,2,5,9,6,6,4,6,8,6,8,0,0,0,4,6,Majestic,Aquatic,,,,,1,0,0,1,0,1,0,0,0,0,60,3,3,Lapras
#132,Ditto,Normal,,1,4,4,8,4,6,4,2,0,2,0,2,4,2,4,6,12,6,0,4,4,0,0,6,0,4,Cute,Transforms,,,,,0,1,1,1,1,1,1,1,1,1,99,1,4,All
#133,Eevee,Normal,,1,6,6,6,4,6,6,0,0,2,0,2,5,3,4,6,6,6,6,6,6,6,0,6,4,6,Cute,,,,,,0,0,1,1,1,0,1,1,1,1,25,5,2,Eevee
#134,Vaporeon,Water,,2,6,6,6,8,8,8,0,0,0,0,2,6,6,6,6,8,6,10,8,10,6,0,6,6,6,Majestic,Aquatic,,,,,0,0,0,1,0,0,0,1,0,1,40,4,3,Eevee
#135,Jolteon,Electric,,2,8,8,6,8,8,6,0,0,0,0,2,7,5,8,6,6,6,6,10,8,6,0,6,6,6,Majestic,,,,,,0,0,0,0,1,0,1,1,0,1,40,4,3,Eevee
#136,Flareon,Fire,,2,6,6,6,8,10,8,0,0,0,0,2,6,6,6,6,6,6,6,8,10,6,0,6,6,6,Majestic,,,,,,0,0,1,0,0,0,1,1,1,0,40,4,3,Eevee
#137,Porygon,Normal,,2,6,6,8,6,4,6,0,0,1,0,0,5,4,6,6,6,6,0,6,6,0,0,6,0,0,Flight,,,,,,0,0,0,0,0,0,0,0,0,0,100,0,1,Porygon
#138,Omanyte,Rock,Water,1,4,4,6,6,6,8,0,0,2,0,2,4,4,4,6,6,6,6,4,6,4,0,4,4,4,Cute,Aquatic,,,,,0,1,0,1,0,1,0,0,0,0,80,5,2,Kabuto
#139,Omastar,Rock,Water,2,4,4,6,8,8,10,0,0,0,0,0,5,11,6,6,6,6,8,6,8,4,0,4,4,4,Rock Hard,Aquatic,,,,,0,1,0,1,0,1,0,0,0,0,80,4,3,Kabuto
#140,Kabuto,Rock,Water,1,4,4,6,6,4,6,0,0,2,0,0,4,7,4,6,6,6,6,4,6,4,0,4,4,0,Rock Hard,Aquatic,,,,,0,1,0,1,0,1,0,0,0,0,80,5,3,Kabuto
#141,Kabutops,Rock,Water,2,6,8,6,8,6,8,0,0,0,0,2,6,8,8,6,6,6,6,8,6,4,0,4,6,0,Majestic,Aquatic,Double Attack,Hard,,,0,1,0,1,0,1,0,0,0,0,80,4,4,Kabuto
#142,Aerodactyl,Rock,Flying,2,6,10,6,8,6,8,0,0,0,1,2,6,9,8,6,6,6,4,8,6,6,0,4,6,0,Speedy flight,Majestic,Hard,,Rage,,0,1,0,0,1,0,0,0,0,0,80,3,4,Aerodactyl
#143,Snorlax,Normal,,2,4,4,6,12,6,12,0,1,0,3,0,5,11,10,4,0,6,6,6,6,0,0,0,0,0,,,,,Rage,,0,0,0,0,1,0,1,0,0,0,60,2,3,Snorlax
#144,Articuno,Ice,Flying,3,10,8,8,8,12,8,0,0,0,0,2,6,6,10,8,8,6,0,8,10,0,0,0,6,8,Majestic,Speedy flight,,,,,1,0,0,0,0,0,0,0,0,0,90,3,3,Lugia
#145,Zapdos,Electric,Flying,3,12,10,8,6,10,8,0,0,0,0,2,7,6,12,8,4,6,0,10,8,0,0,0,6,8,Majestic,Speedy flight,,,,,0,0,0,0,1,0,0,0,0,0,90,3,3,Lugia
#146,Moltres,Fire,Flying,3,10,8,8,10,10,8,0,0,0,0,2,7,6,10,8,4,6,0,10,8,0,0,0,6,8,Majestic,Speedy flight,,,,,0,0,0,0,0,0,0,0,1,0,90,3,3,Lugia
#147,Dratini,Dragon,,1,6,6,6,6,8,6,0,0,0,0,2,5,5,4,8,8,6,8,6,8,0,0,0,4,6,Cute,Aquatic,,,,,0,0,0,1,0,0,0,0,0,0,60,5,3,Dratini
#148,Dragonair,Dragon,,2,8,8,8,8,8,8,0,0,0,1,2,6,7,8,8,8,6,8,8,10,0,0,0,6,8,Majestic,Aquatic,Flight,,,,0,0,0,1,0,0,0,0,0,0,70,4,3,Dratini
#149,Dragonite,Dragon,Flying,3,12,10,10,10,8,10,0,1,0,2,2,7,9,10,8,8,6,8,10,10,4,0,6,8,10,Majestic,Aquatic,Speedy flight,,,,0,0,0,1,1,0,0,0,0,0,80,2,3,Dratini
#150,Mewtwo,Psychic,,3,6,8,12,8,10,8,0,0,0,0,2,7,6,12,10,10,6,6,10,12,6,10,10,0,8,Majestic,Flight,Reach,Teleportation,Rage,,0,0,0,0,0,0,0,0,0,0,100,0,5,Mewtwo
#151,Mew,Psychic,,3,8,8,10,6,12,8,0,0,2,0,2,5,4,4,10,12,6,6,6,12,6,10,8,0,12,Cute,Flight,Teleportation,,,,0,0,0,0,1,0,0,0,0,0,90,1,3,Mew
#152,Chikorita,Grass,,1,4,4,4,6,6,6,0,0,1,0,2,4,4,4,6,6,6,4,4,6,4,0,4,4,6,Cute,,,,,,0,0,0,0,0,0,1,0,0,1,30,5,3,Chikorita
#153,Bayleef,Grass,,2,6,6,6,8,8,8,0,0,0,0,0,5,6,6,6,4,6,4,6,8,4,0,4,4,4,,,,,,,0,0,0,0,0,0,1,0,0,1,20,5,3,Chikorita
#154,Meganium,Grass,,3,6,8,6,10,8,10,0,0,0,1,2,6,8,8,6,4,6,4,8,10,4,0,0,4,6,Majestic,,,,,,0,0,0,0,0,0,1,0,0,1,60,2,3,Chikorita
#155,Cyndaquil,Fire,,1,4,6,4,4,6,6,0,0,1,0,2,4,4,0,6,8,6,4,4,6,4,0,0,4,4,Cute,,,,,,0,0,0,0,0,0,0,0,1,0,30,5,2,Cyndaquil
#156,Quilava,Fire,,2,6,8,6,6,8,6,0,0,0,0,2,5,5,4,6,8,6,4,6,8,6,0,0,4,6,Cute,,,,,,0,0,0,0,0,0,0,0,1,0,20,5,3,Cyndaquil
#157,Typhlosion,Fire,,3,6,8,6,10,10,10,0,0,0,1,2,7,8,10,6,4,6,4,10,10,6,0,0,4,6,Majestic,,,,Rage,,0,0,0,0,0,0,0,0,1,0,60,2,4,Cyndaquil
#158,Totodile,Water,,1,4,6,4,6,4,6,0,0,1,0,2,5,4,4,6,6,6,6,6,4,4,0,0,4,4,Cute,Aquatic,,,Rage,,0,0,0,1,0,0,0,0,0,0,30,5,4,Totodile
#159,Croconaw,Water,,2,6,8,4,8,6,8,0,0,0,0,0,6,6,6,6,4,6,8,8,6,4,0,0,4,0,Aquatic,,,,Rage,,0,0,0,1,0,0,0,0,0,0,20,5,4,Totodile
#160,Feraligatr,Water,,3,6,8,6,12,8,10,0,0,0,1,0,8,8,10,6,4,6,10,12,8,4,0,0,6,4,Aquatic,,,,Rage,,0,0,0,1,0,0,0,0,0,0,60,2,4,Totodile
#161,Sentret,Normal,,1,6,4,6,4,4,6,0,0,1,0,2,5,4,0,8,6,6,4,6,4,6,0,0,4,4,Cute,,,,,,0,0,0,0,0,0,0,0,0,1,15,10,2,Sentret
#162,Furret,Normal,,2,8,8,6,6,6,8,0,0,0,0,2,6,6,6,8,8,6,6,8,6,6,0,0,8,8,Cute,,,,,,0,0,0,0,0,0,0,0,0,1,30,5,3,Sentret
#163,Hoothoot,Normal,Flying,1,6,6,6,6,8,4,0,0,1,0,0,4,3,4,8,6,6,0,4,6,0,0,0,4,4,Flight,,,,,,0,0,0,0,0,0,0,0,0,1,20,10,2,Hoothoot
#164,Noctowl,Normal,Flying,2,8,8,8,8,10,8,0,0,0,0,2,5,6,8,10,10,6,0,6,8,0,0,0,6,6,Majestic,Speedy flight,,,,,0,0,0,0,0,0,0,0,0,1,40,6,3,Hoothoot
#165,Ledyba,Bug,Flying,1,6,6,4,4,4,4,1,0,0,0,0,4,4,4,6,4,6,0,4,6,6,0,4,4,0,Flight,,,,,,0,0,0,0,0,0,0,0,0,1,10,10,3,Lebyba
#166,Ledian,Bug,Flying,2,8,8,6,6,6,6,0,0,0,0,0,5,5,6,6,4,6,0,6,8,8,0,6,4,0,Flight,,,,,,0,0,0,0,0,0,0,0,0,1,30,6,3,Lebyba
#167,Spinarak,Bug,Poison,1,6,6,6,4,6,4,1,0,1,0,0,4,3,6,6,6,6,4,4,6,12,0,0,4,4,,,,,,,0,0,0,0,0,0,0,0,0,1,15,10,3,Spinarak
#168,Ariados,Bug,Poison,2,8,8,6,8,8,8,0,0,0,0,0,6,6,10,6,8,6,4,8,8,12,0,0,4,6,,,,,,,0,0,0,0,0,0,0,0,0,1,40,5,4,Spinarak
#169,Crobat,Poison,Flying,3,10,10,6,8,8,8,0,0,0,0,0,6,6,10,10,8,6,4,8,10,6,0,6,8,6,Speedy flight,,,,,,0,1,0,0,0,0,0,0,0,0,60,4,4,Zubat
#170,Chinchou,Water,Electric,1,6,4,4,4,6,4,0,0,1,0,0,4,3,4,6,4,6,6,4,6,0,0,0,4,4,Aquatic,,,,Always Aquatic,,0,0,0,0,0,1,0,0,0,0,20,5,2,Chinchou
#171,Lanturn,Water,Electric,2,6,8,6,6,8,8,0,0,0,0,0,5,6,6,6,4,6,8,6,8,0,0,0,4,4,Aquatic,,,,Always Aquatic,,0,0,0,0,0,1,0,0,0,0,40,2,3,Chinchou
#172,Pichu,Electric,,1,4,6,4,4,4,4,0,0,2,0,2,4,2,0,4,6,4,4,4,6,4,0,0,4,6,Cute,,,,,,0,0,0,0,0,0,1,1,0,1,40,10,2,Pichu
#173,Cleffa,Fairy,,1,4,6,4,4,4,4,0,0,2,0,2,4,2,0,4,6,4,4,4,4,4,0,0,4,4,Cute,,,,,,0,1,0,0,1,0,0,0,0,0,40,10,2,Cleffa
#174,Igglybuff,Normal,Fairy,1,4,6,4,4,4,4,0,0,2,0,2,4,2,0,4,6,4,4,4,4,4,0,0,4,4,Cute,,,,,,0,1,0,0,1,0,1,0,0,0,40,10,2,Igglybuff
#175,Togepi,Fairy,,1,4,4,4,4,6,4,0,0,2,0,2,4,2,0,4,6,4,4,4,6,4,0,0,4,4,Cute,,,,,,0,0,0,0,1,0,0,0,0,0,40,10,2,Togepi
#176,Togetic,Fairy,Flying,2,8,8,6,6,8,6,0,0,1,0,0,5,4,4,6,6,6,4,6,8,4,0,0,6,4,,,,,,,0,0,0,0,1,0,0,0,0,0,25,5,2,Togepi
#177,Natu,Psychic,Flying,1,6,6,6,4,4,4,0,0,2,0,2,4,2,0,6,6,6,0,4,6,4,0,0,4,4,Cute,Flight,,,,,0,0,0,0,0,0,0,0,0,1,15,10,3,Natu
#178,Xatu,Psychic,Flying,2,6,6,10,6,8,6,0,0,0,0,0,5,5,6,10,6,6,0,6,8,4,0,0,6,4,Flight,Teleportation,,,,,0,0,0,0,0,0,0,0,0,1,40,3,3,Natu
#179,Mareep,Electric,,1,6,6,4,4,6,6,0,0,1,0,2,4,4,0,6,4,6,4,4,6,4,0,0,4,6,Cute,,,,,,0,0,0,0,0,0,1,1,0,0,15,15,2,Mareep
#180,Flaaffy,Electric,,2,6,8,6,6,8,8,0,0,0,0,0,5,6,4,6,4,6,4,6,8,6,0,4,6,6,,,,,,,0,0,0,0,0,0,1,1,0,0,30,5,3,Mareep
#181,Ampharos,Electric,,3,6,8,6,10,10,8,0,0,0,0,0,7,6,6,6,4,6,6,10,8,6,0,4,6,6,,,,,,,0,0,0,0,0,0,1,1,0,0,60,2,3,Mareep
#182,Bellossom,Grass,,3,6,8,6,4,8,6,0,0,2,0,2,4,3,0,6,8,6,4,4,8,6,0,0,6,8,Cute,,,,,,0,0,0,0,0,0,0,0,0,1,60,4,2,Oddish
#183,Marill,Water,Fairy,2,6,6,6,6,6,6,0,0,1,0,2,5,4,0,6,6,6,8,6,8,4,0,6,4,6,Cute,Aquatic,,,,,0,0,0,1,0,0,0,0,0,0,15,10,2,Marill
#184,Azumarill,Water,Fairy,3,6,8,6,8,8,8,0,0,0,0,0,6,6,4,6,6,6,8,8,8,4,0,6,6,6,Aquatic,,,,,,0,0,0,1,0,0,0,0,0,0,30,5,3,Marill
#185,Sudowoodo,Rock,,2,6,6,6,8,6,8,0,0,0,0,0,6,8,4,8,8,6,0,8,6,4,0,6,0,0,Hard,,,,,,0,0,0,0,1,0,1,0,0,1,30,4,3,Sudowoodo
#186,Politoed,Water,,3,6,8,6,8,8,8,0,0,0,0,0,6,6,4,6,6,6,8,8,8,6,0,6,0,4,Aquatic,,,,,,0,0,0,1,0,0,0,0,0,0,40,4,3,Poliwag
#187,Hoppip,Grass,Flying,1,6,6,4,4,4,4,2,0,2,0,2,4,2,0,4,4,6,4,4,4,4,0,4,4,4,Cute,Flight,,,,,0,0,0,0,0,0,1,0,0,0,15,10,1,Hoppip
#188,Skiploom,Grass,Flying,2,6,8,4,6,6,6,1,0,1,0,2,4,4,0,6,4,6,4,4,6,6,0,6,4,4,Cute,Flight,,,,,0,0,0,0,0,0,1,0,0,0,20,10,1,Hoppip
#189,Jumpluff,Grass,Flying,3,6,8,6,6,8,6,0,0,0,0,0,4,5,0,6,4,6,4,4,8,6,0,6,4,4,Flight,,,,,,0,0,0,0,0,0,1,0,0,0,30,10,1,Hoppip
#190,Aipom,Normal,,1,8,8,6,6,6,6,0,0,1,0,0,5,4,4,6,8,6,6,6,4,8,0,8,6,4,,,,,,,0,0,0,0,0,0,0,0,0,1,15,8,3,Aipom
#191,Sunkern,Grass,,1,4,6,4,4,4,4,2,0,2,0,2,4,2,0,4,4,4,4,4,4,0,0,0,0,4,Cute,,,,,,0,0,0,0,0,0,1,0,0,0,10,10,2,Oddish
#192,Sunflora,Grass,,2,6,6,6,6,8,6,0,0,0,0,0,5,5,0,6,4,6,4,6,6,4,0,0,0,4,,,,,,,0,0,0,0,0,0,1,0,0,0,30,6,2,Oddish
#193,Yanma,Bug,Flying,2,10,8,4,6,6,6,0,0,0,0,0,5,5,4,6,0,6,0,6,6,8,0,0,6,0,Speedy flight,,,,,,0,0,0,0,0,0,0,0,0,1,50,5,3,Yanma
#194,Wooper,Water,Ground,1,6,6,6,4,6,6,0,0,1,0,2,5,4,4,6,4,6,6,6,8,0,0,4,4,4,Cute,Aquatic,,,,,0,0,0,1,0,0,0,0,0,0,30,10,2,Wooper
#195,Quagsire,Water,Ground,2,6,6,6,8,8,8,0,0,0,0,0,6,6,6,6,4,6,6,8,8,4,0,4,6,4,Aquatic,,,,,,0,0,0,1,0,0,0,0,0,0,40,5,2,Wooper
#196,Espeon,Psychic,,2,6,6,8,6,8,8,0,0,0,0,2,6,6,6,8,6,6,6,8,10,6,0,6,6,6,Majestic,,,,,,0,0,0,0,1,0,1,1,0,0,40,4,3,Eevee
#197,Umbreon,Dark,,2,6,8,6,8,6,8,0,0,0,0,2,7,6,8,6,10,6,6,10,8,6,0,8,6,6,Majestic,,,,,,0,1,0,0,1,0,1,1,0,0,40,4,3,Eevee
#198,Murkrow,Dark,Flying,1,6,6,6,6,6,6,0,0,1,0,0,5,4,6,6,6,6,6,6,6,4,0,6,6,4,Flight,,,,,,0,0,0,0,0,0,1,1,0,1,15,5,3,Murkrow
#199,Slowking,Water,Psychic,2,6,6,10,6,8,8,0,0,0,0,0,5,6,6,8,6,6,6,6,10,0,0,0,4,6,Aquatic,,,,,,0,0,0,1,0,0,0,0,0,0,60,3,2,Slowpoke
#200,Misdreavus,Ghost,,1,6,6,6,4,8,4,0,0,1,0,0,4,3,8,6,8,6,0,4,8,0,0,8,4,4,Flight,,,,,,0,0,0,0,1,0,0,1,0,0,70,5,4,Misdreavus
#201,Unown,Psychic,,1,6,4,4,4,4,4,1,0,1,0,0,4,3,4,4,8,4,0,4,6,0,0,0,0,0,Flight,Teleportation,,,,,0,1,0,0,0,0,0,0,0,0,80,20,1,Unknown
#202,Wobbuffet,Psychic,,2,4,4,6,4,6,10,0,0,0,0,0,5,7,4,6,4,6,4,6,8,4,0,6,0,0,,,,,,,0,1,0,0,0,0,1,0,0,0,60,4,2,Wobbuffet
#203,Girafarig,Normal,Psychic,2,6,6,6,6,8,8,0,0,0,0,0,5,6,6,10,4,6,4,6,6,4,0,0,4,0,,,,,,,0,0,0,0,0,0,1,0,0,1,60,4,3,Girafrig
#204,Pineco,Bug,,1,0,4,4,6,6,6,0,0,1,0,0,2,4,4,6,6,4,0,0,6,0,0,0,0,0,,,,,,,0,0,0,0,0,0,0,0,0,1,15,10,2,Pineco
#205,Forretress,Bug,Steel,2,4,4,6,6,6,10,0,0,0,0,0,5,11,4,6,6,6,0,6,8,0,0,0,0,0,Flight,Rock Hard,,,,,0,0,0,0,0,0,0,0,0,1,50,4,3,Pineco
#206,Dunsparce,Normal,,2,4,4,4,6,6,6,0,0,0,0,0,5,5,4,6,8,6,0,6,6,0,0,4,8,4,Burrowing,Flight,,,,,0,1,1,0,1,0,1,0,0,0,40,5,3,Dunsparce
#207,Gligar,Ground,Flying,2,8,8,6,6,6,8,0,0,0,0,0,5,6,6,8,8,6,0,6,6,6,0,6,6,0,Flight,,,,,,0,0,1,0,0,0,1,0,0,0,40,5,4,Gligar
#208,Steelix,Steel,Ground,3,6,6,6,12,10,12,0,2,0,4,0,7,16,12,6,4,6,0,10,8,0,0,0,6,0,Rock Hard,Burrowing,,,Rage,,0,0,1,0,1,0,0,0,0,0,70,2,4,Onix
#209,Snubbull,Fairy,,1,6,6,6,6,6,6,0,0,1,0,0,5,4,6,6,6,6,4,6,4,4,0,6,8,4,,,,,Rage,,0,0,0,0,0,0,1,1,0,0,20,5,3,Snubbull
#210,Granbull,Fairy,,2,6,8,6,8,6,8,0,0,0,0,0,6,6,8,6,6,6,4,8,6,4,0,6,10,4,,,,,,,0,0,0,0,0,0,1,1,0,0,50,5,4,Snubbull
#211,Qwilfish,Water,Poison,1,6,6,4,6,6,6,0,0,1,0,0,6,4,8,6,6,6,8,8,8,0,0,4,4,0,Aquatic,,,,Always Aquatic,,0,0,0,0,0,1,0,0,0,0,35,5,4,Quilfish
#212,Scizor,Bug,Steel,3,8,6,6,8,8,10,0,0,0,0,2,6,11,10,8,6,6,0,8,8,0,0,4,6,0,Majestic,Rock Hard,Double Attack,Flight,Rage,,0,0,0,0,0,0,1,0,0,1,60,4,4,Scyther
#213,Shuckle,Bug,Rock,2,4,4,6,6,6,10,0,0,1,0,2,4,10,0,4,4,6,0,4,6,0,0,0,0,4,Cute,Rock Hard,,,,,0,1,0,0,1,0,0,0,0,0,20,5,1,Shuckle
#214,Heracross,Bug,Fighting,2,8,8,6,8,6,8,0,0,0,0,0,6,6,6,6,4,6,0,8,6,8,0,6,8,4,Flight,,,,,,0,0,0,0,0,0,1,0,0,1,40,4,3,Pinsir
#215,Sneasel,Dark,Ice,2,8,8,6,6,8,6,0,0,1,0,0,6,4,8,6,8,6,6,8,8,8,0,8,6,6,,,,,,,1,1,0,0,0,0,0,0,0,0,40,5,4,Sneasel
#216,Teddiursa,Normal,,1,6,6,4,6,6,6,0,0,1,0,2,5,4,4,6,6,6,4,6,4,6,0,4,6,6,Cute,,,,,,0,0,0,0,1,0,1,0,0,1,60,3,2,Teddiursa
#217,Ursaring,Normal,,2,6,8,6,10,6,8,0,0,0,1,2,7,7,10,6,6,6,6,10,6,6,0,6,8,6,Majestic,,,,Rage,,0,0,0,0,1,0,1,0,0,1,40,2,4,Teddiursa
#218,Slugma,Fire,,1,4,4,4,6,6,6,0,0,1,0,-2,4,4,6,6,0,6,0,4,8,6,0,4,0,0,,,,,Ugly,,0,0,0,0,0,0,0,0,1,0,40,5,3,Slugma
#219,Magcargo,Fire,Rock,2,4,4,4,8,8,8,0,0,0,0,-2,4,10,6,6,0,6,0,4,10,6,0,4,0,0,Rock Hard,,,,Ugly,,0,0,0,0,0,0,0,0,1,0,50,4,3,Slugma
#220,Swinub,Ice,Ground,1,6,6,4,6,6,8,0,0,1,0,2,5,5,4,6,6,6,4,6,6,4,0,4,8,6,Cute,,,,,,1,0,0,0,0,0,0,0,0,0,30,10,2,Swinub
#221,Piloswine,Ice,Ground,2,6,6,6,8,6,10,0,0,0,0,0,6,7,8,8,6,6,4,8,8,4,0,4,12,4,,,,,Rage,,1,0,0,0,0,0,0,0,0,0,50,5,4,Swinub
#222,Corsola,Water,Rock,2,6,6,6,8,6,8,0,0,1,0,2,6,9,6,6,4,6,8,8,6,4,0,0,0,0,Cute,Rock Hard,,,,,0,0,0,1,0,1,0,0,0,0,40,5,2,Corsola
#223,Remoraid,Water,,1,8,8,6,8,6,8,0,0,1,0,0,5,5,6,6,4,6,8,6,8,0,0,0,6,0,,,,,Always Aquatic,,0,0,0,0,0,1,0,0,0,0,15,6,2,Remoraid
#224,Octillery,Water,,2,6,8,8,8,8,8,0,0,0,0,0,6,6,6,8,8,6,8,8,10,6,0,6,6,0,,,,,,,0,0,0,0,0,1,0,0,0,0,40,4,3,Remoraid
#225,Delibird,Ice,Flying,2,6,8,6,6,6,8,0,0,0,0,0,5,6,4,6,6,6,4,6,6,4,0,0,8,6,Flight,,,,,,1,0,0,0,1,0,0,0,0,0,20,4,2,Delibird
#226,Mantine,Water,Flying,2,8,8,6,8,6,8,0,0,0,1,0,5,7,4,6,4,6,8,6,8,0,0,6,0,0,Flight,,,,,,0,0,0,0,0,1,0,0,0,0,30,4,3,Remoraid
#227,Skarmory,Steel,Flying,2,8,8,6,8,6,8,0,0,0,0,0,6,8,8,6,6,6,0,8,6,6,0,6,6,0,Flight,Hard,,,Rage,,0,0,1,0,1,0,0,0,0,0,30,5,4,Skamory
#228,Houndour,Dark,Fire,1,6,6,4,6,6,4,0,0,1,0,0,5,3,4,6,6,6,4,6,6,4,0,6,8,4,,,,,,,0,0,0,0,0,0,0,1,1,0,15,5,4,Growlithe
#229,Houndoom,Dark,Fire,2,8,8,6,8,8,8,0,0,0,0,2,6,6,8,6,8,6,6,8,10,4,0,8,10,6,Majestic,,,,Rage,,0,0,0,0,0,0,0,1,1,0,30,4,4,Growlithe
#230,Kingdra,Water,Dragon,3,8,8,6,8,8,10,0,0,0,1,2,6,8,10,8,8,6,10,8,10,0,0,6,8,6,Majestic,,,,Rage,,0,0,0,0,0,1,0,0,0,0,60,5,4,Horsea
#231,Phanpy,Ground,,1,6,6,4,6,6,6,0,0,1,0,2,5,4,4,6,6,6,4,6,6,4,0,4,8,6,Cute,,,,,,0,0,1,0,0,0,1,0,0,0,15,6,2,Phanpy
#232,Donphan,Ground,,2,6,8,6,8,6,10,0,0,0,0,0,6,9,8,6,6,6,6,8,8,4,0,6,12,4,Hard,,,,,,0,0,1,0,0,0,1,0,0,0,25,5,4,Phanpy
#233,Porygon2,Normal,,2,8,8,6,6,6,8,0,0,1,0,2,6,5,6,6,6,6,0,8,10,0,0,6,0,0,Cute,Flight,Teleportation,,,,0,0,0,0,0,0,0,0,0,0,100,0,1,Polygon
#234,Stantler,Normal,,2,8,8,6,6,6,8,0,0,0,0,0,5,6,6,8,6,6,6,6,6,4,0,0,6,4,,,,,,,1,0,0,0,0,0,1,0,0,1,20,5,3,Stantler
#235,Smeargle,Normal,,1,6,6,6,6,6,6,0,0,0,0,0,5,5,6,6,6,6,6,6,6,6,0,4,0,4,,,,,,,0,0,0,0,0,0,1,1,0,0,70,4,1,Smeargle
#236,Tyrogue,Fighting,,1,6,8,4,8,6,6,0,0,1,0,0,6,4,6,6,6,6,6,8,6,6,0,4,0,4,,,,,,,0,0,0,0,1,0,0,1,0,0,40,5,4,Tyrogue
#237,Hitmontop,Fighting,,2,8,10,6,8,10,8,0,0,0,0,0,7,6,8,6,6,6,6,10,6,6,0,6,4,4,Double Attack,,,,,,0,0,0,0,1,0,0,1,0,0,60,4,4,Tyrogue
#238,Smoochum,Ice,Psychic,1,4,4,4,4,6,4,0,0,2,0,2,4,2,0,4,4,4,4,4,6,4,0,4,0,4,Cute,,,,,,0,0,0,0,0,0,0,1,0,0,70,2,2,Smoochum
#239,Elekid,Electric,,1,4,6,4,4,6,4,0,0,1,0,0,5,3,4,4,4,4,4,6,4,4,0,4,0,4,,,,,,,0,0,0,0,1,0,1,1,0,0,70,2,2,Elekid
#240,Magby,Fire,,1,4,6,4,4,6,4,0,0,1,0,2,4,3,4,4,4,4,4,4,6,4,0,4,0,4,Cute,,,,,,0,0,0,0,0,0,0,0,1,0,70,2,2,Magby
#241,Miltank,Normal,,2,6,6,6,8,6,8,0,0,0,1,0,6,7,4,6,4,6,6,8,6,4,6,4,6,4,,,,,,,0,0,0,0,0,0,1,1,0,0,30,5,3,Tauros
#242,Blissey,Normal,,3,6,8,8,8,8,10,0,0,0,0,2,6,7,6,6,8,6,6,8,8,6,8,6,0,8,Majestic,,,,,,0,0,0,0,0,0,0,1,0,0,70,2,1,Chansey
#243,Raikou,Electric,,3,12,12,8,8,8,12,0,0,0,2,2,6,10,10,8,6,6,6,8,10,6,0,6,10,4,Majestic,,,,,,0,0,0,0,0,0,1,0,1,0,90,3,4,Ho-Oh
#244,Entei,Fire,,3,12,12,8,10,8,10,0,0,0,2,2,7,9,10,8,6,6,6,10,8,6,0,6,10,4,Majestic,,,,,,0,0,0,0,1,0,1,0,0,0,90,3,4,Ho-Oh
#245,Suicune,Water,,3,12,12,8,8,10,10,0,0,0,2,2,6,9,10,8,6,6,6,8,10,6,0,6,10,4,Majestic,,,,,,1,0,0,0,0,0,1,0,0,0,90,3,2,Ho-Oh
#246,Larvitar,Rock,Ground,1,4,6,4,6,6,6,0,0,1,0,2,5,6,4,6,6,4,4,6,6,4,0,4,4,4,Cute,Hard,Burrowing,,,,0,0,0,0,1,0,0,0,1,0,20,5,3,Larvitar
#247,Pupitar,Rock,Ground,2,10,8,6,8,6,8,0,1,0,0,0,6,10,8,6,6,6,0,8,6,0,0,4,4,0,Speedy flight,Rock Hard,,,,,0,0,0,0,1,0,0,0,1,0,30,4,3,Larvitar
#248,Tyranitar,Rock,Dark,3,6,8,6,12,8,10,0,2,0,2,2,7,13,10,6,4,6,6,10,8,6,0,6,6,4,Majestic,Rock Hard,,,Rage,,0,0,0,0,1,0,0,0,1,0,60,2,4,Larvitar
#249,Lugia,Psychic,Flying,3,10,8,10,10,8,10,0,0,0,3,2,6,10,10,8,8,6,10,8,10,0,0,8,6,6,Majestic,Speedy flight,Teleportation,,,,1,0,0,0,0,1,0,0,0,0,90,3,2,Lugia
#250,Ho-Oh,Fire,Flying,3,12,10,8,10,10,8,0,0,0,2,2,7,8,10,8,8,6,0,10,8,0,10,8,6,6,Majestic,Speedy flight,Teleportation,,,,0,0,0,0,0,0,0,0,1,0,90,3,3,Ho-Oh
#251,Celebi,Psychic,Grass,3,8,8,8,8,12,8,0,0,1,0,2,6,5,0,8,10,6,6,8,12,6,0,8,6,10,Cute,Flight,Teleportation,,,,0,0,0,0,0,0,0,0,0,1,90,1,2,Celebi